CREATE TABLE AAA_ROLE (
    ROLEID      BIGINT          NOT NULL AUTO_INCREMENT,
    NAME_       VARCHAR(255)    NULL,
    DESC_       VARCHAR(4000)   NULL,
--    CREATEBY    BIGINT          NOT NULL,
--    CREATEON    TIMESTAMP       NOT NULL,
--    UPDATEBY    BIGINT          NULL,
--    UPDATEON    TIMESTAMP       NULL,
    CONSTRAINT PK_AAA_ROLE PRIMARY KEY (ROLEID)
);

CREATE TABLE AAA_USER (
    USERID      BIGINT          NOT NULL AUTO_INCREMENT,
    USERNAME    VARCHAR(255)    NOT NULL,
    NAME_       VARCHAR(255)    NOT NULL,
    PASSWORD_   VARCHAR(255)    NOT NULL,
    EMAIL_      VARCHAR(255)    NULL,
--    CREATEBY    BIGINT          NOT NULL,
--    CREATEON    TIMESTAMP       NOT NULL,
--    UPDATEBY    BIGINT          NULL,
--    UPDATEON    TIMESTAMP       NULL,
    CONSTRAINT PK_AAA_USER PRIMARY KEY (USERID),
    CONSTRAINT UK_AAA_USER_USERNAME UNIQUE KEY (USERNAME)
);

CREATE TABLE AAA_USER_ROLE (
    USERID      BIGINT          NOT NULL,
    ROLEID      BIGINT          NOT NULL,
    CONSTRAINT PK_AAA_USER_ROLE PRIMARY KEY (USERID, ROLEID),
    CONSTRAINT FK_AAA_USER_ROLE_USERID FOREIGN KEY (USERID) REFERENCES AAA_USER (USERID),
    CONSTRAINT FK_AAA_USER_ROLE_ROLEID FOREIGN KEY (ROLEID) REFERENCES AAA_ROLE (ROLEID)
);

CREATE TABLE CORE_CODE (
    CODEID      BIGINT          NOT NULL AUTO_INCREMENT,
    CATEGORY_   VARCHAR(255)    NOT NULL,
    KEY_        VARCHAR(255)    NOT NULL,
    VALUE_      VARCHAR(2000)   NOT NULL,
    DISPORDER_  TINYINT         NOT NULL,
--    CREATEBY    BIGINT          NOT NULL,
--    CREATEON    TIMESTAMP       NOT NULL,
--    UPDATEBY    BIGINT          NULL,
--    UPDATEON    TIMESTAMP       NULL,
    CONSTRAINT PK_CORE_CODE PRIMARY KEY (CODEID),
    CONSTRAINT UK_CORE_CODE_CATEGORY_KEY UNIQUE KEY (CATEGORY_, KEY_)
);
-- CREATE INDEX CODE_INDEX1 ON CODE (CATEGORY ASC);

CREATE TABLE CORE_SEQUENCE (
    SEQUENCEID  BIGINT          NOT NULL AUTO_INCREMENT,
    KEY_        VARCHAR(255)    NOT NULL,
    LASTSEQ_    BIGINT          NOT NULL,
    PATTERN_    VARCHAR(255),
    MAX_        BIGINT,
    CYCLE_      TINYINT,
    CONSTRAINT PK_CORE_SEQUENCE PRIMARY KEY (SEQUENCEID),
    CONSTRAINT UK_CORE_SEQUENCE_KEY UNIQUE KEY (KEY_)
);


CREATE TABLE APPLN_APPLN_TYPE (
    APPLNTYPEID BIGINT          NOT NULL AUTO_INCREMENT,
    CODE_       VARCHAR(255)    NOT NULL,
    DESC_       VARCHAR(255)    NOT NULL,
    CONSTRAINT PK_APPLN_APPLN_TYPE PRIMARY KEY (APPLNTYPEID)
);

CREATE TABLE APPLN_APPLICATION (
    APPLICATIONID   BIGINT          NOT NULL AUTO_INCREMENT,
    APPLNTYPEID     BIGINT          NOT NULL,
    APPLN_REF_NO    VARCHAR(255)    NOT NULL,
    APPLT_NAME      VARCHAR(255)    NOT NULL,
    APPLT_NRIC      VARCHAR(255)    NOT NULL,
    APPLT_GENDER_CD BIGINT,
    APPLT_DOB       DATE,
    APPLT_BIRTH_COUNTRY_CD  BIGINT,
    APPLT_BIRTH_STATE_CD  BIGINT,
    APPLT_RACE_CD   BIGINT,
    APPLT_RELIGION_CD   BIGINT,
    STATUSCD    BIGINT,
    CREATEBY    BIGINT          NOT NULL,
    CREATEON    TIMESTAMP       NOT NULL,
    UPDATEBY    BIGINT          NULL,
    UPDATEON    TIMESTAMP       NULL,
    CONSTRAINT PK_APPLN_APPLICATION PRIMARY KEY (APPLICATIONID),
    CONSTRAINT FK_APPLN_APPLICATION_APPLNTYPEID FOREIGN KEY (APPLNTYPEID) REFERENCES APPLN_APPLN_TYPE (APPLNTYPEID)
);

-- INSERT INTO APPLN_APPLICATION (APPLICATIONID, APPLNTYPEID, APPLN_REF_NO, APPLT_NAME, APPLT_NRIC, APPLT_GENDER_CD, CREATEBY, CREATEON)
-- VALUES (1, 1, 'REF1', 'AP', 'SN', 1001, 2, NOW());
-- INSERT INTO APPLN_APPLICATION_APPLT_LANGUAGE VALUES (1, 5001);
-- INSERT INTO APPLN_APPLICATION_APPLT_LANGUAGE VALUES (1, 5002);

CREATE TABLE APPLN_APPLICATION_APPLT_LANGUAGE (
    APPLICATIONID   BIGINT      NOT NULL,
    LANGUAGECD      BIGINT      NOT NULL,
    CONSTRAINT PK_APPLN_APPLICATION_APPLT_LANGUAGE PRIMARY KEY (APPLICATIONID, LANGUAGECD),
    CONSTRAINT FK_APPLN_APPLICATION_APPLT_LANGUAGE_APPLICATIONID FOREIGN KEY (APPLICATIONID) REFERENCES APPLN_APPLICATION (APPLICATIONID)
);




INSERT INTO AAA_ROLE (ROLEID, NAME_, DESC_) VALUES (1, 'ADMIN_USER', 'Administrator User - Has permission to perform admin tasks');
INSERT INTO AAA_ROLE (ROLEID, NAME_, DESC_) VALUES (2, 'ESERVICE_USER', 'E-Service Users - Has permission to access eServices');
INSERT INTO AAA_ROLE (ROLEID, NAME_, DESC_) VALUES (3, 'PROCESSING_USER', 'Processing Users - Has permission to process the submission');

INSERT INTO AAA_USER (USERID, USERNAME, NAME_, PASSWORD_) VALUES (1, 'ADMIN', 'Administrator', '$2a$10$u./x6J/AsyGDp4uWqUgFiOSJE364OiJXUCB3PGlodUmjY/ZPLHQ3K');
INSERT INTO AAA_USER (USERID, USERNAME, NAME_, PASSWORD_) VALUES (2, 'PUBLIC', 'Public User', '$2a$10$u./x6J/AsyGDp4uWqUgFiOSJE364OiJXUCB3PGlodUmjY/ZPLHQ3K');
INSERT INTO AAA_USER (USERID, USERNAME, NAME_, PASSWORD_) VALUES (3, 'PUBLIC02', 'Second Public User', '$2a$10$u./x6J/AsyGDp4uWqUgFiOSJE364OiJXUCB3PGlodUmjY/ZPLHQ3K');
INSERT INTO AAA_USER (USERID, USERNAME, NAME_, PASSWORD_) VALUES (4, 'PO', 'Processing Officer', '$2a$10$u./x6J/AsyGDp4uWqUgFiOSJE364OiJXUCB3PGlodUmjY/ZPLHQ3K');

INSERT INTO AAA_USER_ROLE (USERID, ROLEID) VALUES (1, 1);
INSERT INTO AAA_USER_ROLE (USERID, ROLEID) VALUES (2, 2);
INSERT INTO AAA_USER_ROLE (USERID, ROLEID) VALUES (3, 2);
INSERT INTO AAA_USER_ROLE (USERID, ROLEID) VALUES (4, 3);



INSERT INTO CORE_CODE (CODEID, CATEGORY_, KEY_, VALUE_, DISPORDER_) VALUES (1, 'COUNTRY', 'AF', 'Afghanistan', 1);
INSERT INTO CORE_CODE (CODEID, CATEGORY_, KEY_, VALUE_, DISPORDER_) VALUES (2, 'COUNTRY', 'AX', 'Aland Islands', 1);
INSERT INTO CORE_CODE (CODEID, CATEGORY_, KEY_, VALUE_, DISPORDER_) VALUES (3, 'COUNTRY', 'AL', 'Albania', 1);
INSERT INTO CORE_CODE (CODEID, CATEGORY_, KEY_, VALUE_, DISPORDER_) VALUES (4, 'COUNTRY', 'DZ', 'Algeria', 1);
INSERT INTO CORE_CODE (CODEID, CATEGORY_, KEY_, VALUE_, DISPORDER_) VALUES (5, 'COUNTRY', 'AS', 'American Samoa', 1);
INSERT INTO CORE_CODE (CODEID, CATEGORY_, KEY_, VALUE_, DISPORDER_) VALUES (6, 'COUNTRY', 'AD', 'Andorra', 1);
INSERT INTO CORE_CODE (CODEID, CATEGORY_, KEY_, VALUE_, DISPORDER_) VALUES (7, 'COUNTRY', 'AO', 'Angola', 1);
INSERT INTO CORE_CODE (CODEID, CATEGORY_, KEY_, VALUE_, DISPORDER_) VALUES (8, 'COUNTRY', 'AI', 'Anguilla', 1);
INSERT INTO CORE_CODE (CODEID, CATEGORY_, KEY_, VALUE_, DISPORDER_) VALUES (9, 'COUNTRY', 'AQ', 'Antarctica', 1);
INSERT INTO CORE_CODE (CODEID, CATEGORY_, KEY_, VALUE_, DISPORDER_) VALUES (10, 'COUNTRY', 'AG', 'Antigua and Barbuda', 1);
INSERT INTO CORE_CODE (CODEID, CATEGORY_, KEY_, VALUE_, DISPORDER_) VALUES (11, 'COUNTRY', 'AR', 'Argentina', 1);
INSERT INTO CORE_CODE (CODEID, CATEGORY_, KEY_, VALUE_, DISPORDER_) VALUES (12, 'COUNTRY', 'AM', 'Armenia', 1);
INSERT INTO CORE_CODE (CODEID, CATEGORY_, KEY_, VALUE_, DISPORDER_) VALUES (13, 'COUNTRY', 'AW', 'Aruba', 1);
INSERT INTO CORE_CODE (CODEID, CATEGORY_, KEY_, VALUE_, DISPORDER_) VALUES (14, 'COUNTRY', 'AU', 'Australia', 1);
INSERT INTO CORE_CODE (CODEID, CATEGORY_, KEY_, VALUE_, DISPORDER_) VALUES (15, 'COUNTRY', 'AT', 'Austria', 1);
INSERT INTO CORE_CODE (CODEID, CATEGORY_, KEY_, VALUE_, DISPORDER_) VALUES (16, 'COUNTRY', 'AZ', 'Azerbaijan', 1);
INSERT INTO CORE_CODE (CODEID, CATEGORY_, KEY_, VALUE_, DISPORDER_) VALUES (17, 'COUNTRY', 'BS', 'Bahamas', 1);
INSERT INTO CORE_CODE (CODEID, CATEGORY_, KEY_, VALUE_, DISPORDER_) VALUES (18, 'COUNTRY', 'BH', 'Bahrain', 1);
INSERT INTO CORE_CODE (CODEID, CATEGORY_, KEY_, VALUE_, DISPORDER_) VALUES (19, 'COUNTRY', 'BD', 'Bangladesh', 1);
INSERT INTO CORE_CODE (CODEID, CATEGORY_, KEY_, VALUE_, DISPORDER_) VALUES (20, 'COUNTRY', 'BB', 'Barbados', 1);
INSERT INTO CORE_CODE (CODEID, CATEGORY_, KEY_, VALUE_, DISPORDER_) VALUES (21, 'COUNTRY', 'BY', 'Belarus', 1);
INSERT INTO CORE_CODE (CODEID, CATEGORY_, KEY_, VALUE_, DISPORDER_) VALUES (22, 'COUNTRY', 'BE', 'Belgium', 1);
INSERT INTO CORE_CODE (CODEID, CATEGORY_, KEY_, VALUE_, DISPORDER_) VALUES (23, 'COUNTRY', 'BZ', 'Belize', 1);
INSERT INTO CORE_CODE (CODEID, CATEGORY_, KEY_, VALUE_, DISPORDER_) VALUES (24, 'COUNTRY', 'BJ', 'Benin', 1);
INSERT INTO CORE_CODE (CODEID, CATEGORY_, KEY_, VALUE_, DISPORDER_) VALUES (25, 'COUNTRY', 'BM', 'Bermuda', 1);
INSERT INTO CORE_CODE (CODEID, CATEGORY_, KEY_, VALUE_, DISPORDER_) VALUES (26, 'COUNTRY', 'BT', 'Bhutan', 1);
INSERT INTO CORE_CODE (CODEID, CATEGORY_, KEY_, VALUE_, DISPORDER_) VALUES (27, 'COUNTRY', 'BO', 'Bolivia', 1);
INSERT INTO CORE_CODE (CODEID, CATEGORY_, KEY_, VALUE_, DISPORDER_) VALUES (28, 'COUNTRY', 'BA', 'Bosnia and Herzegovina', 1);
INSERT INTO CORE_CODE (CODEID, CATEGORY_, KEY_, VALUE_, DISPORDER_) VALUES (29, 'COUNTRY', 'BW', 'Botswana', 1);
INSERT INTO CORE_CODE (CODEID, CATEGORY_, KEY_, VALUE_, DISPORDER_) VALUES (30, 'COUNTRY', 'BV', 'Bouvet Island', 1);
INSERT INTO CORE_CODE (CODEID, CATEGORY_, KEY_, VALUE_, DISPORDER_) VALUES (31, 'COUNTRY', 'BR', 'Brazil', 1);
INSERT INTO CORE_CODE (CODEID, CATEGORY_, KEY_, VALUE_, DISPORDER_) VALUES (32, 'COUNTRY', 'VG', 'British Virgin Islands', 1);
INSERT INTO CORE_CODE (CODEID, CATEGORY_, KEY_, VALUE_, DISPORDER_) VALUES (33, 'COUNTRY', 'IO', 'British Indian Ocean Territory', 1);
INSERT INTO CORE_CODE (CODEID, CATEGORY_, KEY_, VALUE_, DISPORDER_) VALUES (34, 'COUNTRY', 'BN', 'Brunei Darussalam', 1);
INSERT INTO CORE_CODE (CODEID, CATEGORY_, KEY_, VALUE_, DISPORDER_) VALUES (35, 'COUNTRY', 'BG', 'Bulgaria', 1);
INSERT INTO CORE_CODE (CODEID, CATEGORY_, KEY_, VALUE_, DISPORDER_) VALUES (36, 'COUNTRY', 'BF', 'Burkina Faso', 1);
INSERT INTO CORE_CODE (CODEID, CATEGORY_, KEY_, VALUE_, DISPORDER_) VALUES (37, 'COUNTRY', 'BI', 'Burundi', 1);
INSERT INTO CORE_CODE (CODEID, CATEGORY_, KEY_, VALUE_, DISPORDER_) VALUES (38, 'COUNTRY', 'KH', 'Cambodia', 1);
INSERT INTO CORE_CODE (CODEID, CATEGORY_, KEY_, VALUE_, DISPORDER_) VALUES (39, 'COUNTRY', 'CM', 'Cameroon', 1);
INSERT INTO CORE_CODE (CODEID, CATEGORY_, KEY_, VALUE_, DISPORDER_) VALUES (40, 'COUNTRY', 'CA', 'Canada', 1);
INSERT INTO CORE_CODE (CODEID, CATEGORY_, KEY_, VALUE_, DISPORDER_) VALUES (41, 'COUNTRY', 'CV', 'Cape Verde', 1);
INSERT INTO CORE_CODE (CODEID, CATEGORY_, KEY_, VALUE_, DISPORDER_) VALUES (42, 'COUNTRY', 'KY', 'Cayman Islands', 1);
INSERT INTO CORE_CODE (CODEID, CATEGORY_, KEY_, VALUE_, DISPORDER_) VALUES (43, 'COUNTRY', 'CF', 'Central African Republic', 1);
INSERT INTO CORE_CODE (CODEID, CATEGORY_, KEY_, VALUE_, DISPORDER_) VALUES (44, 'COUNTRY', 'TD', 'Chad', 1);
INSERT INTO CORE_CODE (CODEID, CATEGORY_, KEY_, VALUE_, DISPORDER_) VALUES (45, 'COUNTRY', 'CL', 'Chile', 1);
INSERT INTO CORE_CODE (CODEID, CATEGORY_, KEY_, VALUE_, DISPORDER_) VALUES (46, 'COUNTRY', 'CN', 'China', 1);
INSERT INTO CORE_CODE (CODEID, CATEGORY_, KEY_, VALUE_, DISPORDER_) VALUES (47, 'COUNTRY', 'HK', 'Hong Kong, SAR China', 1);
INSERT INTO CORE_CODE (CODEID, CATEGORY_, KEY_, VALUE_, DISPORDER_) VALUES (48, 'COUNTRY', 'MO', 'Macao, SAR China', 1);
INSERT INTO CORE_CODE (CODEID, CATEGORY_, KEY_, VALUE_, DISPORDER_) VALUES (49, 'COUNTRY', 'CX', 'Christmas Island', 1);
INSERT INTO CORE_CODE (CODEID, CATEGORY_, KEY_, VALUE_, DISPORDER_) VALUES (50, 'COUNTRY', 'CC', 'Cocos (Keeling) Islands', 1);
INSERT INTO CORE_CODE (CODEID, CATEGORY_, KEY_, VALUE_, DISPORDER_) VALUES (51, 'COUNTRY', 'CO', 'Colombia', 1);
INSERT INTO CORE_CODE (CODEID, CATEGORY_, KEY_, VALUE_, DISPORDER_) VALUES (52, 'COUNTRY', 'KM', 'Comoros', 1);
INSERT INTO CORE_CODE (CODEID, CATEGORY_, KEY_, VALUE_, DISPORDER_) VALUES (53, 'COUNTRY', 'CG', 'Congo (Brazzaville)', 1);
INSERT INTO CORE_CODE (CODEID, CATEGORY_, KEY_, VALUE_, DISPORDER_) VALUES (54, 'COUNTRY', 'CD', 'Congo, (Kinshasa)', 1);
INSERT INTO CORE_CODE (CODEID, CATEGORY_, KEY_, VALUE_, DISPORDER_) VALUES (55, 'COUNTRY', 'CK', 'Cook Islands', 1);
INSERT INTO CORE_CODE (CODEID, CATEGORY_, KEY_, VALUE_, DISPORDER_) VALUES (56, 'COUNTRY', 'CR', 'Costa Rica', 1);
INSERT INTO CORE_CODE (CODEID, CATEGORY_, KEY_, VALUE_, DISPORDER_) VALUES (57, 'COUNTRY', 'CI', 'Côte d''Ivoire', 1);
INSERT INTO CORE_CODE (CODEID, CATEGORY_, KEY_, VALUE_, DISPORDER_) VALUES (58, 'COUNTRY', 'HR', 'Croatia', 1);
INSERT INTO CORE_CODE (CODEID, CATEGORY_, KEY_, VALUE_, DISPORDER_) VALUES (59, 'COUNTRY', 'CU', 'Cuba', 1);
INSERT INTO CORE_CODE (CODEID, CATEGORY_, KEY_, VALUE_, DISPORDER_) VALUES (60, 'COUNTRY', 'CY', 'Cyprus', 1);
INSERT INTO CORE_CODE (CODEID, CATEGORY_, KEY_, VALUE_, DISPORDER_) VALUES (61, 'COUNTRY', 'CZ', 'Czech Republic', 1);
INSERT INTO CORE_CODE (CODEID, CATEGORY_, KEY_, VALUE_, DISPORDER_) VALUES (62, 'COUNTRY', 'DK', 'Denmark', 1);
INSERT INTO CORE_CODE (CODEID, CATEGORY_, KEY_, VALUE_, DISPORDER_) VALUES (63, 'COUNTRY', 'DJ', 'Djibouti', 1);
INSERT INTO CORE_CODE (CODEID, CATEGORY_, KEY_, VALUE_, DISPORDER_) VALUES (64, 'COUNTRY', 'DM', 'Dominica', 1);
INSERT INTO CORE_CODE (CODEID, CATEGORY_, KEY_, VALUE_, DISPORDER_) VALUES (65, 'COUNTRY', 'DO', 'Dominican Republic', 1);
INSERT INTO CORE_CODE (CODEID, CATEGORY_, KEY_, VALUE_, DISPORDER_) VALUES (66, 'COUNTRY', 'EC', 'Ecuador', 1);
INSERT INTO CORE_CODE (CODEID, CATEGORY_, KEY_, VALUE_, DISPORDER_) VALUES (67, 'COUNTRY', 'EG', 'Egypt', 1);
INSERT INTO CORE_CODE (CODEID, CATEGORY_, KEY_, VALUE_, DISPORDER_) VALUES (68, 'COUNTRY', 'SV', 'El Salvador', 1);
INSERT INTO CORE_CODE (CODEID, CATEGORY_, KEY_, VALUE_, DISPORDER_) VALUES (69, 'COUNTRY', 'GQ', 'Equatorial Guinea', 1);
INSERT INTO CORE_CODE (CODEID, CATEGORY_, KEY_, VALUE_, DISPORDER_) VALUES (70, 'COUNTRY', 'ER', 'Eritrea', 1);
INSERT INTO CORE_CODE (CODEID, CATEGORY_, KEY_, VALUE_, DISPORDER_) VALUES (71, 'COUNTRY', 'EE', 'Estonia', 1);
INSERT INTO CORE_CODE (CODEID, CATEGORY_, KEY_, VALUE_, DISPORDER_) VALUES (72, 'COUNTRY', 'ET', 'Ethiopia', 1);
INSERT INTO CORE_CODE (CODEID, CATEGORY_, KEY_, VALUE_, DISPORDER_) VALUES (73, 'COUNTRY', 'FK', 'Falkland Islands (Malvinas)', 1);
INSERT INTO CORE_CODE (CODEID, CATEGORY_, KEY_, VALUE_, DISPORDER_) VALUES (74, 'COUNTRY', 'FO', 'Faroe Islands', 1);
INSERT INTO CORE_CODE (CODEID, CATEGORY_, KEY_, VALUE_, DISPORDER_) VALUES (75, 'COUNTRY', 'FJ', 'Fiji', 1);
INSERT INTO CORE_CODE (CODEID, CATEGORY_, KEY_, VALUE_, DISPORDER_) VALUES (76, 'COUNTRY', 'FI', 'Finland', 1);
INSERT INTO CORE_CODE (CODEID, CATEGORY_, KEY_, VALUE_, DISPORDER_) VALUES (77, 'COUNTRY', 'FR', 'France', 1);
INSERT INTO CORE_CODE (CODEID, CATEGORY_, KEY_, VALUE_, DISPORDER_) VALUES (78, 'COUNTRY', 'GF', 'French Guiana', 1);
INSERT INTO CORE_CODE (CODEID, CATEGORY_, KEY_, VALUE_, DISPORDER_) VALUES (79, 'COUNTRY', 'PF', 'French Polynesia', 1);
INSERT INTO CORE_CODE (CODEID, CATEGORY_, KEY_, VALUE_, DISPORDER_) VALUES (80, 'COUNTRY', 'TF', 'French Southern Territories', 1);
INSERT INTO CORE_CODE (CODEID, CATEGORY_, KEY_, VALUE_, DISPORDER_) VALUES (81, 'COUNTRY', 'GA', 'Gabon', 1);
INSERT INTO CORE_CODE (CODEID, CATEGORY_, KEY_, VALUE_, DISPORDER_) VALUES (82, 'COUNTRY', 'GM', 'Gambia', 1);
INSERT INTO CORE_CODE (CODEID, CATEGORY_, KEY_, VALUE_, DISPORDER_) VALUES (83, 'COUNTRY', 'GE', 'Georgia', 1);
INSERT INTO CORE_CODE (CODEID, CATEGORY_, KEY_, VALUE_, DISPORDER_) VALUES (84, 'COUNTRY', 'DE', 'Germany', 1);
INSERT INTO CORE_CODE (CODEID, CATEGORY_, KEY_, VALUE_, DISPORDER_) VALUES (85, 'COUNTRY', 'GH', 'Ghana', 1);
INSERT INTO CORE_CODE (CODEID, CATEGORY_, KEY_, VALUE_, DISPORDER_) VALUES (86, 'COUNTRY', 'GI', 'Gibraltar', 1);
INSERT INTO CORE_CODE (CODEID, CATEGORY_, KEY_, VALUE_, DISPORDER_) VALUES (87, 'COUNTRY', 'GR', 'Greece', 1);
INSERT INTO CORE_CODE (CODEID, CATEGORY_, KEY_, VALUE_, DISPORDER_) VALUES (88, 'COUNTRY', 'GL', 'Greenland', 1);
INSERT INTO CORE_CODE (CODEID, CATEGORY_, KEY_, VALUE_, DISPORDER_) VALUES (89, 'COUNTRY', 'GD', 'Grenada', 1);
INSERT INTO CORE_CODE (CODEID, CATEGORY_, KEY_, VALUE_, DISPORDER_) VALUES (90, 'COUNTRY', 'GP', 'Guadeloupe', 1);
INSERT INTO CORE_CODE (CODEID, CATEGORY_, KEY_, VALUE_, DISPORDER_) VALUES (91, 'COUNTRY', 'GU', 'Guam', 1);
INSERT INTO CORE_CODE (CODEID, CATEGORY_, KEY_, VALUE_, DISPORDER_) VALUES (92, 'COUNTRY', 'GT', 'Guatemala', 1);
INSERT INTO CORE_CODE (CODEID, CATEGORY_, KEY_, VALUE_, DISPORDER_) VALUES (93, 'COUNTRY', 'GG', 'Guernsey', 1);
INSERT INTO CORE_CODE (CODEID, CATEGORY_, KEY_, VALUE_, DISPORDER_) VALUES (94, 'COUNTRY', 'GN', 'Guinea', 1);
INSERT INTO CORE_CODE (CODEID, CATEGORY_, KEY_, VALUE_, DISPORDER_) VALUES (95, 'COUNTRY', 'GW', 'Guinea-Bissau', 1);
INSERT INTO CORE_CODE (CODEID, CATEGORY_, KEY_, VALUE_, DISPORDER_) VALUES (96, 'COUNTRY', 'GY', 'Guyana', 1);
INSERT INTO CORE_CODE (CODEID, CATEGORY_, KEY_, VALUE_, DISPORDER_) VALUES (97, 'COUNTRY', 'HT', 'Haiti', 1);
INSERT INTO CORE_CODE (CODEID, CATEGORY_, KEY_, VALUE_, DISPORDER_) VALUES (98, 'COUNTRY', 'HM', 'Heard and Mcdonald Islands', 1);
INSERT INTO CORE_CODE (CODEID, CATEGORY_, KEY_, VALUE_, DISPORDER_) VALUES (99, 'COUNTRY', 'VA', 'Holy See (Vatican City State)', 1);
INSERT INTO CORE_CODE (CODEID, CATEGORY_, KEY_, VALUE_, DISPORDER_) VALUES (100, 'COUNTRY', 'HN', 'Honduras', 1);
INSERT INTO CORE_CODE (CODEID, CATEGORY_, KEY_, VALUE_, DISPORDER_) VALUES (101, 'COUNTRY', 'HU', 'Hungary', 1);
INSERT INTO CORE_CODE (CODEID, CATEGORY_, KEY_, VALUE_, DISPORDER_) VALUES (102, 'COUNTRY', 'IS', 'Iceland', 1);
INSERT INTO CORE_CODE (CODEID, CATEGORY_, KEY_, VALUE_, DISPORDER_) VALUES (103, 'COUNTRY', 'IN', 'India', 1);
INSERT INTO CORE_CODE (CODEID, CATEGORY_, KEY_, VALUE_, DISPORDER_) VALUES (104, 'COUNTRY', 'ID', 'Indonesia', 1);
INSERT INTO CORE_CODE (CODEID, CATEGORY_, KEY_, VALUE_, DISPORDER_) VALUES (105, 'COUNTRY', 'IR', 'Iran, Islamic Republic of', 1);
INSERT INTO CORE_CODE (CODEID, CATEGORY_, KEY_, VALUE_, DISPORDER_) VALUES (106, 'COUNTRY', 'IQ', 'Iraq', 1);
INSERT INTO CORE_CODE (CODEID, CATEGORY_, KEY_, VALUE_, DISPORDER_) VALUES (107, 'COUNTRY', 'IE', 'Ireland', 1);
INSERT INTO CORE_CODE (CODEID, CATEGORY_, KEY_, VALUE_, DISPORDER_) VALUES (108, 'COUNTRY', 'IM', 'Isle of Man', 1);
INSERT INTO CORE_CODE (CODEID, CATEGORY_, KEY_, VALUE_, DISPORDER_) VALUES (109, 'COUNTRY', 'IL', 'Israel', 1);
INSERT INTO CORE_CODE (CODEID, CATEGORY_, KEY_, VALUE_, DISPORDER_) VALUES (110, 'COUNTRY', 'IT', 'Italy', 1);
INSERT INTO CORE_CODE (CODEID, CATEGORY_, KEY_, VALUE_, DISPORDER_) VALUES (111, 'COUNTRY', 'JM', 'Jamaica', 1);
INSERT INTO CORE_CODE (CODEID, CATEGORY_, KEY_, VALUE_, DISPORDER_) VALUES (112, 'COUNTRY', 'JP', 'Japan', 1);
INSERT INTO CORE_CODE (CODEID, CATEGORY_, KEY_, VALUE_, DISPORDER_) VALUES (113, 'COUNTRY', 'JE', 'Jersey', 1);
INSERT INTO CORE_CODE (CODEID, CATEGORY_, KEY_, VALUE_, DISPORDER_) VALUES (114, 'COUNTRY', 'JO', 'Jordan', 1);
INSERT INTO CORE_CODE (CODEID, CATEGORY_, KEY_, VALUE_, DISPORDER_) VALUES (115, 'COUNTRY', 'KZ', 'Kazakhstan', 1);
INSERT INTO CORE_CODE (CODEID, CATEGORY_, KEY_, VALUE_, DISPORDER_) VALUES (116, 'COUNTRY', 'KE', 'Kenya', 1);
INSERT INTO CORE_CODE (CODEID, CATEGORY_, KEY_, VALUE_, DISPORDER_) VALUES (117, 'COUNTRY', 'KI', 'Kiribati', 1);
INSERT INTO CORE_CODE (CODEID, CATEGORY_, KEY_, VALUE_, DISPORDER_) VALUES (118, 'COUNTRY', 'KP', 'Korea (North)', 1);
INSERT INTO CORE_CODE (CODEID, CATEGORY_, KEY_, VALUE_, DISPORDER_) VALUES (119, 'COUNTRY', 'KR', 'Korea (South)', 1);
INSERT INTO CORE_CODE (CODEID, CATEGORY_, KEY_, VALUE_, DISPORDER_) VALUES (120, 'COUNTRY', 'KW', 'Kuwait', 1);
INSERT INTO CORE_CODE (CODEID, CATEGORY_, KEY_, VALUE_, DISPORDER_) VALUES (121, 'COUNTRY', 'KG', 'Kyrgyzstan', 1);
INSERT INTO CORE_CODE (CODEID, CATEGORY_, KEY_, VALUE_, DISPORDER_) VALUES (122, 'COUNTRY', 'LA', 'Lao PDR', 1);
INSERT INTO CORE_CODE (CODEID, CATEGORY_, KEY_, VALUE_, DISPORDER_) VALUES (123, 'COUNTRY', 'LV', 'Latvia', 1);
INSERT INTO CORE_CODE (CODEID, CATEGORY_, KEY_, VALUE_, DISPORDER_) VALUES (124, 'COUNTRY', 'LB', 'Lebanon', 1);
INSERT INTO CORE_CODE (CODEID, CATEGORY_, KEY_, VALUE_, DISPORDER_) VALUES (125, 'COUNTRY', 'LS', 'Lesotho', 1);
INSERT INTO CORE_CODE (CODEID, CATEGORY_, KEY_, VALUE_, DISPORDER_) VALUES (126, 'COUNTRY', 'LR', 'Liberia', 1);
INSERT INTO CORE_CODE (CODEID, CATEGORY_, KEY_, VALUE_, DISPORDER_) VALUES (127, 'COUNTRY', 'LY', 'Libya', 1);
INSERT INTO CORE_CODE (CODEID, CATEGORY_, KEY_, VALUE_, DISPORDER_) VALUES (128, 'COUNTRY', 'LI', 'Liechtenstein', 1);
INSERT INTO CORE_CODE (CODEID, CATEGORY_, KEY_, VALUE_, DISPORDER_) VALUES (129, 'COUNTRY', 'LT', 'Lithuania', 1);
INSERT INTO CORE_CODE (CODEID, CATEGORY_, KEY_, VALUE_, DISPORDER_) VALUES (130, 'COUNTRY', 'LU', 'Luxembourg', 1);
INSERT INTO CORE_CODE (CODEID, CATEGORY_, KEY_, VALUE_, DISPORDER_) VALUES (131, 'COUNTRY', 'MK', 'Macedonia, Republic of', 1);
INSERT INTO CORE_CODE (CODEID, CATEGORY_, KEY_, VALUE_, DISPORDER_) VALUES (132, 'COUNTRY', 'MG', 'Madagascar', 1);
INSERT INTO CORE_CODE (CODEID, CATEGORY_, KEY_, VALUE_, DISPORDER_) VALUES (133, 'COUNTRY', 'MW', 'Malawi', 1);
INSERT INTO CORE_CODE (CODEID, CATEGORY_, KEY_, VALUE_, DISPORDER_) VALUES (134, 'COUNTRY', 'MY', 'Malaysia', 1);
INSERT INTO CORE_CODE (CODEID, CATEGORY_, KEY_, VALUE_, DISPORDER_) VALUES (135, 'COUNTRY', 'MV', 'Maldives', 1);
INSERT INTO CORE_CODE (CODEID, CATEGORY_, KEY_, VALUE_, DISPORDER_) VALUES (136, 'COUNTRY', 'ML', 'Mali', 1);
INSERT INTO CORE_CODE (CODEID, CATEGORY_, KEY_, VALUE_, DISPORDER_) VALUES (137, 'COUNTRY', 'MT', 'Malta', 1);
INSERT INTO CORE_CODE (CODEID, CATEGORY_, KEY_, VALUE_, DISPORDER_) VALUES (138, 'COUNTRY', 'MH', 'Marshall Islands', 1);
INSERT INTO CORE_CODE (CODEID, CATEGORY_, KEY_, VALUE_, DISPORDER_) VALUES (139, 'COUNTRY', 'MQ', 'Martinique', 1);
INSERT INTO CORE_CODE (CODEID, CATEGORY_, KEY_, VALUE_, DISPORDER_) VALUES (140, 'COUNTRY', 'MR', 'Mauritania', 1);
INSERT INTO CORE_CODE (CODEID, CATEGORY_, KEY_, VALUE_, DISPORDER_) VALUES (141, 'COUNTRY', 'MU', 'Mauritius', 1);
INSERT INTO CORE_CODE (CODEID, CATEGORY_, KEY_, VALUE_, DISPORDER_) VALUES (142, 'COUNTRY', 'YT', 'Mayotte', 1);
INSERT INTO CORE_CODE (CODEID, CATEGORY_, KEY_, VALUE_, DISPORDER_) VALUES (143, 'COUNTRY', 'MX', 'Mexico', 1);
INSERT INTO CORE_CODE (CODEID, CATEGORY_, KEY_, VALUE_, DISPORDER_) VALUES (144, 'COUNTRY', 'FM', 'Micronesia, Federated States of', 1);
INSERT INTO CORE_CODE (CODEID, CATEGORY_, KEY_, VALUE_, DISPORDER_) VALUES (145, 'COUNTRY', 'MD', 'Moldova', 1);
INSERT INTO CORE_CODE (CODEID, CATEGORY_, KEY_, VALUE_, DISPORDER_) VALUES (146, 'COUNTRY', 'MC', 'Monaco', 1);
INSERT INTO CORE_CODE (CODEID, CATEGORY_, KEY_, VALUE_, DISPORDER_) VALUES (147, 'COUNTRY', 'MN', 'Mongolia', 1);
INSERT INTO CORE_CODE (CODEID, CATEGORY_, KEY_, VALUE_, DISPORDER_) VALUES (148, 'COUNTRY', 'ME', 'Montenegro', 1);
INSERT INTO CORE_CODE (CODEID, CATEGORY_, KEY_, VALUE_, DISPORDER_) VALUES (149, 'COUNTRY', 'MS', 'Montserrat', 1);
INSERT INTO CORE_CODE (CODEID, CATEGORY_, KEY_, VALUE_, DISPORDER_) VALUES (150, 'COUNTRY', 'MA', 'Morocco', 1);
INSERT INTO CORE_CODE (CODEID, CATEGORY_, KEY_, VALUE_, DISPORDER_) VALUES (151, 'COUNTRY', 'MZ', 'Mozambique', 1);
INSERT INTO CORE_CODE (CODEID, CATEGORY_, KEY_, VALUE_, DISPORDER_) VALUES (152, 'COUNTRY', 'MM', 'Myanmar', 1);
INSERT INTO CORE_CODE (CODEID, CATEGORY_, KEY_, VALUE_, DISPORDER_) VALUES (153, 'COUNTRY', 'NA', 'Namibia', 1);
INSERT INTO CORE_CODE (CODEID, CATEGORY_, KEY_, VALUE_, DISPORDER_) VALUES (154, 'COUNTRY', 'NR', 'Nauru', 1);
INSERT INTO CORE_CODE (CODEID, CATEGORY_, KEY_, VALUE_, DISPORDER_) VALUES (155, 'COUNTRY', 'NP', 'Nepal', 1);
INSERT INTO CORE_CODE (CODEID, CATEGORY_, KEY_, VALUE_, DISPORDER_) VALUES (156, 'COUNTRY', 'NL', 'Netherlands', 1);
INSERT INTO CORE_CODE (CODEID, CATEGORY_, KEY_, VALUE_, DISPORDER_) VALUES (157, 'COUNTRY', 'AN', 'Netherlands Antilles', 1);
INSERT INTO CORE_CODE (CODEID, CATEGORY_, KEY_, VALUE_, DISPORDER_) VALUES (158, 'COUNTRY', 'NC', 'New Caledonia', 1);
INSERT INTO CORE_CODE (CODEID, CATEGORY_, KEY_, VALUE_, DISPORDER_) VALUES (159, 'COUNTRY', 'NZ', 'New Zealand', 1);
INSERT INTO CORE_CODE (CODEID, CATEGORY_, KEY_, VALUE_, DISPORDER_) VALUES (160, 'COUNTRY', 'NI', 'Nicaragua', 1);
INSERT INTO CORE_CODE (CODEID, CATEGORY_, KEY_, VALUE_, DISPORDER_) VALUES (161, 'COUNTRY', 'NE', 'Niger', 1);
INSERT INTO CORE_CODE (CODEID, CATEGORY_, KEY_, VALUE_, DISPORDER_) VALUES (162, 'COUNTRY', 'NG', 'Nigeria', 1);
INSERT INTO CORE_CODE (CODEID, CATEGORY_, KEY_, VALUE_, DISPORDER_) VALUES (163, 'COUNTRY', 'NU', 'Niue', 1);
INSERT INTO CORE_CODE (CODEID, CATEGORY_, KEY_, VALUE_, DISPORDER_) VALUES (164, 'COUNTRY', 'NF', 'Norfolk Island', 1);
INSERT INTO CORE_CODE (CODEID, CATEGORY_, KEY_, VALUE_, DISPORDER_) VALUES (165, 'COUNTRY', 'MP', 'Northern Mariana Islands', 1);
INSERT INTO CORE_CODE (CODEID, CATEGORY_, KEY_, VALUE_, DISPORDER_) VALUES (166, 'COUNTRY', 'NO', 'Norway', 1);
INSERT INTO CORE_CODE (CODEID, CATEGORY_, KEY_, VALUE_, DISPORDER_) VALUES (167, 'COUNTRY', 'OM', 'Oman', 1);
INSERT INTO CORE_CODE (CODEID, CATEGORY_, KEY_, VALUE_, DISPORDER_) VALUES (168, 'COUNTRY', 'PK', 'Pakistan', 1);
INSERT INTO CORE_CODE (CODEID, CATEGORY_, KEY_, VALUE_, DISPORDER_) VALUES (169, 'COUNTRY', 'PW', 'Palau', 1);
INSERT INTO CORE_CODE (CODEID, CATEGORY_, KEY_, VALUE_, DISPORDER_) VALUES (170, 'COUNTRY', 'PS', 'Palestinian Territory', 1);
INSERT INTO CORE_CODE (CODEID, CATEGORY_, KEY_, VALUE_, DISPORDER_) VALUES (171, 'COUNTRY', 'PA', 'Panama', 1);
INSERT INTO CORE_CODE (CODEID, CATEGORY_, KEY_, VALUE_, DISPORDER_) VALUES (172, 'COUNTRY', 'PG', 'Papua New Guinea', 1);
INSERT INTO CORE_CODE (CODEID, CATEGORY_, KEY_, VALUE_, DISPORDER_) VALUES (173, 'COUNTRY', 'PY', 'Paraguay', 1);
INSERT INTO CORE_CODE (CODEID, CATEGORY_, KEY_, VALUE_, DISPORDER_) VALUES (174, 'COUNTRY', 'PE', 'Peru', 1);
INSERT INTO CORE_CODE (CODEID, CATEGORY_, KEY_, VALUE_, DISPORDER_) VALUES (175, 'COUNTRY', 'PH', 'Philippines', 1);
INSERT INTO CORE_CODE (CODEID, CATEGORY_, KEY_, VALUE_, DISPORDER_) VALUES (176, 'COUNTRY', 'PN', 'Pitcairn', 1);
INSERT INTO CORE_CODE (CODEID, CATEGORY_, KEY_, VALUE_, DISPORDER_) VALUES (177, 'COUNTRY', 'PL', 'Poland', 1);
INSERT INTO CORE_CODE (CODEID, CATEGORY_, KEY_, VALUE_, DISPORDER_) VALUES (178, 'COUNTRY', 'PT', 'Portugal', 1);
INSERT INTO CORE_CODE (CODEID, CATEGORY_, KEY_, VALUE_, DISPORDER_) VALUES (179, 'COUNTRY', 'PR', 'Puerto Rico', 1);
INSERT INTO CORE_CODE (CODEID, CATEGORY_, KEY_, VALUE_, DISPORDER_) VALUES (180, 'COUNTRY', 'QA', 'Qatar', 1);
INSERT INTO CORE_CODE (CODEID, CATEGORY_, KEY_, VALUE_, DISPORDER_) VALUES (181, 'COUNTRY', 'RE', 'Réunion', 1);
INSERT INTO CORE_CODE (CODEID, CATEGORY_, KEY_, VALUE_, DISPORDER_) VALUES (182, 'COUNTRY', 'RO', 'Romania', 1);
INSERT INTO CORE_CODE (CODEID, CATEGORY_, KEY_, VALUE_, DISPORDER_) VALUES (183, 'COUNTRY', 'RU', 'Russian Federation', 1);
INSERT INTO CORE_CODE (CODEID, CATEGORY_, KEY_, VALUE_, DISPORDER_) VALUES (184, 'COUNTRY', 'RW', 'Rwanda', 1);
INSERT INTO CORE_CODE (CODEID, CATEGORY_, KEY_, VALUE_, DISPORDER_) VALUES (185, 'COUNTRY', 'BL', 'Saint-Barthélemy', 1);
INSERT INTO CORE_CODE (CODEID, CATEGORY_, KEY_, VALUE_, DISPORDER_) VALUES (186, 'COUNTRY', 'SH', 'Saint Helena', 1);
INSERT INTO CORE_CODE (CODEID, CATEGORY_, KEY_, VALUE_, DISPORDER_) VALUES (187, 'COUNTRY', 'KN', 'Saint Kitts and Nevis', 1);
INSERT INTO CORE_CODE (CODEID, CATEGORY_, KEY_, VALUE_, DISPORDER_) VALUES (188, 'COUNTRY', 'LC', 'Saint Lucia', 1);
INSERT INTO CORE_CODE (CODEID, CATEGORY_, KEY_, VALUE_, DISPORDER_) VALUES (189, 'COUNTRY', 'MF', 'Saint-Martin (French part)', 1);
INSERT INTO CORE_CODE (CODEID, CATEGORY_, KEY_, VALUE_, DISPORDER_) VALUES (190, 'COUNTRY', 'PM', 'Saint Pierre and Miquelon', 1);
INSERT INTO CORE_CODE (CODEID, CATEGORY_, KEY_, VALUE_, DISPORDER_) VALUES (191, 'COUNTRY', 'VC', 'Saint Vincent and Grenadines', 1);
INSERT INTO CORE_CODE (CODEID, CATEGORY_, KEY_, VALUE_, DISPORDER_) VALUES (192, 'COUNTRY', 'WS', 'Samoa', 1);
INSERT INTO CORE_CODE (CODEID, CATEGORY_, KEY_, VALUE_, DISPORDER_) VALUES (193, 'COUNTRY', 'SM', 'San Marino', 1);
INSERT INTO CORE_CODE (CODEID, CATEGORY_, KEY_, VALUE_, DISPORDER_) VALUES (194, 'COUNTRY', 'ST', 'Sao Tome and Principe', 1);
INSERT INTO CORE_CODE (CODEID, CATEGORY_, KEY_, VALUE_, DISPORDER_) VALUES (195, 'COUNTRY', 'SA', 'Saudi Arabia', 1);
INSERT INTO CORE_CODE (CODEID, CATEGORY_, KEY_, VALUE_, DISPORDER_) VALUES (196, 'COUNTRY', 'SN', 'Senegal', 1);
INSERT INTO CORE_CODE (CODEID, CATEGORY_, KEY_, VALUE_, DISPORDER_) VALUES (197, 'COUNTRY', 'RS', 'Serbia', 1);
INSERT INTO CORE_CODE (CODEID, CATEGORY_, KEY_, VALUE_, DISPORDER_) VALUES (198, 'COUNTRY', 'SC', 'Seychelles', 1);
INSERT INTO CORE_CODE (CODEID, CATEGORY_, KEY_, VALUE_, DISPORDER_) VALUES (199, 'COUNTRY', 'SL', 'Sierra Leone', 1);
INSERT INTO CORE_CODE (CODEID, CATEGORY_, KEY_, VALUE_, DISPORDER_) VALUES (200, 'COUNTRY', 'SG', 'Singapore', 1);
INSERT INTO CORE_CODE (CODEID, CATEGORY_, KEY_, VALUE_, DISPORDER_) VALUES (201, 'COUNTRY', 'SK', 'Slovakia', 1);
INSERT INTO CORE_CODE (CODEID, CATEGORY_, KEY_, VALUE_, DISPORDER_) VALUES (202, 'COUNTRY', 'SI', 'Slovenia', 1);
INSERT INTO CORE_CODE (CODEID, CATEGORY_, KEY_, VALUE_, DISPORDER_) VALUES (203, 'COUNTRY', 'SB', 'Solomon Islands', 1);
INSERT INTO CORE_CODE (CODEID, CATEGORY_, KEY_, VALUE_, DISPORDER_) VALUES (204, 'COUNTRY', 'SO', 'Somalia', 1);
INSERT INTO CORE_CODE (CODEID, CATEGORY_, KEY_, VALUE_, DISPORDER_) VALUES (205, 'COUNTRY', 'ZA', 'South Africa', 1);
INSERT INTO CORE_CODE (CODEID, CATEGORY_, KEY_, VALUE_, DISPORDER_) VALUES (206, 'COUNTRY', 'GS', 'South Georgia and the South Sandwich Islands', 1);
INSERT INTO CORE_CODE (CODEID, CATEGORY_, KEY_, VALUE_, DISPORDER_) VALUES (207, 'COUNTRY', 'SS', 'South Sudan', 1);
INSERT INTO CORE_CODE (CODEID, CATEGORY_, KEY_, VALUE_, DISPORDER_) VALUES (208, 'COUNTRY', 'ES', 'Spain', 1);
INSERT INTO CORE_CODE (CODEID, CATEGORY_, KEY_, VALUE_, DISPORDER_) VALUES (209, 'COUNTRY', 'LK', 'Sri Lanka', 1);
INSERT INTO CORE_CODE (CODEID, CATEGORY_, KEY_, VALUE_, DISPORDER_) VALUES (210, 'COUNTRY', 'SD', 'Sudan', 1);
INSERT INTO CORE_CODE (CODEID, CATEGORY_, KEY_, VALUE_, DISPORDER_) VALUES (211, 'COUNTRY', 'SR', 'Suriname', 1);
INSERT INTO CORE_CODE (CODEID, CATEGORY_, KEY_, VALUE_, DISPORDER_) VALUES (212, 'COUNTRY', 'SJ', 'Svalbard and Jan Mayen Islands', 1);
INSERT INTO CORE_CODE (CODEID, CATEGORY_, KEY_, VALUE_, DISPORDER_) VALUES (213, 'COUNTRY', 'SZ', 'Swaziland', 1);
INSERT INTO CORE_CODE (CODEID, CATEGORY_, KEY_, VALUE_, DISPORDER_) VALUES (214, 'COUNTRY', 'SE', 'Sweden', 1);
INSERT INTO CORE_CODE (CODEID, CATEGORY_, KEY_, VALUE_, DISPORDER_) VALUES (215, 'COUNTRY', 'CH', 'Switzerland', 1);
INSERT INTO CORE_CODE (CODEID, CATEGORY_, KEY_, VALUE_, DISPORDER_) VALUES (216, 'COUNTRY', 'SY', 'Syrian Arab Republic (Syria)', 1);
INSERT INTO CORE_CODE (CODEID, CATEGORY_, KEY_, VALUE_, DISPORDER_) VALUES (217, 'COUNTRY', 'TW', 'Taiwan, Republic of China', 1);
INSERT INTO CORE_CODE (CODEID, CATEGORY_, KEY_, VALUE_, DISPORDER_) VALUES (218, 'COUNTRY', 'TJ', 'Tajikistan', 1);
INSERT INTO CORE_CODE (CODEID, CATEGORY_, KEY_, VALUE_, DISPORDER_) VALUES (219, 'COUNTRY', 'TZ', 'Tanzania, United Republic of', 1);
INSERT INTO CORE_CODE (CODEID, CATEGORY_, KEY_, VALUE_, DISPORDER_) VALUES (220, 'COUNTRY', 'TH', 'Thailand', 1);
INSERT INTO CORE_CODE (CODEID, CATEGORY_, KEY_, VALUE_, DISPORDER_) VALUES (221, 'COUNTRY', 'TL', 'Timor-Leste', 1);
INSERT INTO CORE_CODE (CODEID, CATEGORY_, KEY_, VALUE_, DISPORDER_) VALUES (222, 'COUNTRY', 'TG', 'Togo', 1);
INSERT INTO CORE_CODE (CODEID, CATEGORY_, KEY_, VALUE_, DISPORDER_) VALUES (223, 'COUNTRY', 'TK', 'Tokelau', 1);
INSERT INTO CORE_CODE (CODEID, CATEGORY_, KEY_, VALUE_, DISPORDER_) VALUES (224, 'COUNTRY', 'TO', 'Tonga', 1);
INSERT INTO CORE_CODE (CODEID, CATEGORY_, KEY_, VALUE_, DISPORDER_) VALUES (225, 'COUNTRY', 'TT', 'Trinidad and Tobago', 1);
INSERT INTO CORE_CODE (CODEID, CATEGORY_, KEY_, VALUE_, DISPORDER_) VALUES (226, 'COUNTRY', 'TN', 'Tunisia', 1);
INSERT INTO CORE_CODE (CODEID, CATEGORY_, KEY_, VALUE_, DISPORDER_) VALUES (227, 'COUNTRY', 'TR', 'Turkey', 1);
INSERT INTO CORE_CODE (CODEID, CATEGORY_, KEY_, VALUE_, DISPORDER_) VALUES (228, 'COUNTRY', 'TM', 'Turkmenistan', 1);
INSERT INTO CORE_CODE (CODEID, CATEGORY_, KEY_, VALUE_, DISPORDER_) VALUES (229, 'COUNTRY', 'TC', 'Turks and Caicos Islands', 1);
INSERT INTO CORE_CODE (CODEID, CATEGORY_, KEY_, VALUE_, DISPORDER_) VALUES (230, 'COUNTRY', 'TV', 'Tuvalu', 1);
INSERT INTO CORE_CODE (CODEID, CATEGORY_, KEY_, VALUE_, DISPORDER_) VALUES (231, 'COUNTRY', 'UG', 'Uganda', 1);
INSERT INTO CORE_CODE (CODEID, CATEGORY_, KEY_, VALUE_, DISPORDER_) VALUES (232, 'COUNTRY', 'UA', 'Ukraine', 1);
INSERT INTO CORE_CODE (CODEID, CATEGORY_, KEY_, VALUE_, DISPORDER_) VALUES (233, 'COUNTRY', 'AE', 'United Arab Emirates', 1);
INSERT INTO CORE_CODE (CODEID, CATEGORY_, KEY_, VALUE_, DISPORDER_) VALUES (234, 'COUNTRY', 'GB', 'United Kingdom', 1);
INSERT INTO CORE_CODE (CODEID, CATEGORY_, KEY_, VALUE_, DISPORDER_) VALUES (235, 'COUNTRY', 'US', 'United States of America', 1);
INSERT INTO CORE_CODE (CODEID, CATEGORY_, KEY_, VALUE_, DISPORDER_) VALUES (236, 'COUNTRY', 'UM', 'US Minor Outlying Islands', 1);
INSERT INTO CORE_CODE (CODEID, CATEGORY_, KEY_, VALUE_, DISPORDER_) VALUES (237, 'COUNTRY', 'UY', 'Uruguay', 1);
INSERT INTO CORE_CODE (CODEID, CATEGORY_, KEY_, VALUE_, DISPORDER_) VALUES (238, 'COUNTRY', 'UZ', 'Uzbekistan', 1);
INSERT INTO CORE_CODE (CODEID, CATEGORY_, KEY_, VALUE_, DISPORDER_) VALUES (239, 'COUNTRY', 'VU', 'Vanuatu', 1);
INSERT INTO CORE_CODE (CODEID, CATEGORY_, KEY_, VALUE_, DISPORDER_) VALUES (240, 'COUNTRY', 'VE', 'Venezuela (Bolivarian Republic)', 1);
INSERT INTO CORE_CODE (CODEID, CATEGORY_, KEY_, VALUE_, DISPORDER_) VALUES (241, 'COUNTRY', 'VN', 'Viet Nam', 1);
INSERT INTO CORE_CODE (CODEID, CATEGORY_, KEY_, VALUE_, DISPORDER_) VALUES (242, 'COUNTRY', 'VI', 'Virgin Islands, US', 1);
INSERT INTO CORE_CODE (CODEID, CATEGORY_, KEY_, VALUE_, DISPORDER_) VALUES (243, 'COUNTRY', 'WF', 'Wallis and Futuna Islands', 1);
INSERT INTO CORE_CODE (CODEID, CATEGORY_, KEY_, VALUE_, DISPORDER_) VALUES (244, 'COUNTRY', 'EH', 'Western Sahara', 1);
INSERT INTO CORE_CODE (CODEID, CATEGORY_, KEY_, VALUE_, DISPORDER_) VALUES (245, 'COUNTRY', 'YE', 'Yemen', 1);
INSERT INTO CORE_CODE (CODEID, CATEGORY_, KEY_, VALUE_, DISPORDER_) VALUES (246, 'COUNTRY', 'ZM', 'Zambia', 1);
INSERT INTO CORE_CODE (CODEID, CATEGORY_, KEY_, VALUE_, DISPORDER_) VALUES (247, 'COUNTRY', 'ZW', 'Zimbabwe', 1);
INSERT INTO CORE_CODE (CODEID, CATEGORY_, KEY_, VALUE_, DISPORDER_) VALUES (1001, 'GENDER', 'M', 'Male', 1);
INSERT INTO CORE_CODE (CODEID, CATEGORY_, KEY_, VALUE_, DISPORDER_) VALUES (1002, 'GENDER', 'F', 'Female', 2);
INSERT INTO CORE_CODE (CODEID, CATEGORY_, KEY_, VALUE_, DISPORDER_) VALUES (2001, 'RACE', 'CHI', 'Chinese', 1);
INSERT INTO CORE_CODE (CODEID, CATEGORY_, KEY_, VALUE_, DISPORDER_) VALUES (2002, 'RACE', 'MAL', 'Malay', 1);
INSERT INTO CORE_CODE (CODEID, CATEGORY_, KEY_, VALUE_, DISPORDER_) VALUES (2003, 'RACE', 'IND', 'Indian', 1);
INSERT INTO CORE_CODE (CODEID, CATEGORY_, KEY_, VALUE_, DISPORDER_) VALUES (2004, 'RACE', 'EUR', 'Eurasian', 1);
INSERT INTO CORE_CODE (CODEID, CATEGORY_, KEY_, VALUE_, DISPORDER_) VALUES (3001, 'RELIGION', 'BUDDHISM', 'Buddhism', 1);
INSERT INTO CORE_CODE (CODEID, CATEGORY_, KEY_, VALUE_, DISPORDER_) VALUES (3002, 'RELIGION', 'CHRISTIANITY', 'Christianity', 1);
INSERT INTO CORE_CODE (CODEID, CATEGORY_, KEY_, VALUE_, DISPORDER_) VALUES (3003, 'RELIGION', 'CATHOLICISM', 'Catholicism', 1);
INSERT INTO CORE_CODE (CODEID, CATEGORY_, KEY_, VALUE_, DISPORDER_) VALUES (3004, 'RELIGION', 'FREE THINKER', 'Free Thinker', 1);
INSERT INTO CORE_CODE (CODEID, CATEGORY_, KEY_, VALUE_, DISPORDER_) VALUES (3005, 'RELIGION', 'PROTESTANTISM AND OTHER NON-CATHOLIC', 'Protestantism and other non-Catholic', 1);
INSERT INTO CORE_CODE (CODEID, CATEGORY_, KEY_, VALUE_, DISPORDER_) VALUES (3006, 'RELIGION', 'ISLAM', 'Islam', 1);
INSERT INTO CORE_CODE (CODEID, CATEGORY_, KEY_, VALUE_, DISPORDER_) VALUES (3007, 'RELIGION', 'TAOISM AND FOLK RELIGION', 'Taoism and folk religion', 1);
INSERT INTO CORE_CODE (CODEID, CATEGORY_, KEY_, VALUE_, DISPORDER_) VALUES (3008, 'RELIGION', 'HINDUISM', 'Hinduism', 1);
INSERT INTO CORE_CODE (CODEID, CATEGORY_, KEY_, VALUE_, DISPORDER_) VALUES (4001, 'STATE_US', 'US-AL', 'Alabama', 1);
INSERT INTO CORE_CODE (CODEID, CATEGORY_, KEY_, VALUE_, DISPORDER_) VALUES (4002, 'STATE_US', 'US-AK', 'Alaska', 1);
INSERT INTO CORE_CODE (CODEID, CATEGORY_, KEY_, VALUE_, DISPORDER_) VALUES (4003, 'STATE_US', 'US-AZ', 'Arizona', 1);
INSERT INTO CORE_CODE (CODEID, CATEGORY_, KEY_, VALUE_, DISPORDER_) VALUES (4004, 'STATE_US', 'US-AR', 'Arkansas', 1);
INSERT INTO CORE_CODE (CODEID, CATEGORY_, KEY_, VALUE_, DISPORDER_) VALUES (4005, 'STATE_US', 'US-CA', 'California', 1);
INSERT INTO CORE_CODE (CODEID, CATEGORY_, KEY_, VALUE_, DISPORDER_) VALUES (4006, 'STATE_US', 'US-CO', 'Colorado', 1);
INSERT INTO CORE_CODE (CODEID, CATEGORY_, KEY_, VALUE_, DISPORDER_) VALUES (4007, 'STATE_US', 'US-CT', 'Connecticut', 1);
INSERT INTO CORE_CODE (CODEID, CATEGORY_, KEY_, VALUE_, DISPORDER_) VALUES (4008, 'STATE_US', 'US-DE', 'Delaware', 1);
INSERT INTO CORE_CODE (CODEID, CATEGORY_, KEY_, VALUE_, DISPORDER_) VALUES (4009, 'STATE_US', 'US-FL', 'Florida', 1);
INSERT INTO CORE_CODE (CODEID, CATEGORY_, KEY_, VALUE_, DISPORDER_) VALUES (4010, 'STATE_US', 'US-GA', 'Georgia', 1);
INSERT INTO CORE_CODE (CODEID, CATEGORY_, KEY_, VALUE_, DISPORDER_) VALUES (4011, 'STATE_US', 'US-HI', 'Hawaii', 1);
INSERT INTO CORE_CODE (CODEID, CATEGORY_, KEY_, VALUE_, DISPORDER_) VALUES (4012, 'STATE_US', 'US-ID', 'Idaho', 1);
INSERT INTO CORE_CODE (CODEID, CATEGORY_, KEY_, VALUE_, DISPORDER_) VALUES (4013, 'STATE_US', 'US-IL', 'Illinois', 1);
INSERT INTO CORE_CODE (CODEID, CATEGORY_, KEY_, VALUE_, DISPORDER_) VALUES (4014, 'STATE_US', 'US-IN', 'Indiana', 1);
INSERT INTO CORE_CODE (CODEID, CATEGORY_, KEY_, VALUE_, DISPORDER_) VALUES (4015, 'STATE_US', 'US-IA', 'Iowa', 1);
INSERT INTO CORE_CODE (CODEID, CATEGORY_, KEY_, VALUE_, DISPORDER_) VALUES (4016, 'STATE_US', 'US-KS', 'Kansas', 1);
INSERT INTO CORE_CODE (CODEID, CATEGORY_, KEY_, VALUE_, DISPORDER_) VALUES (4017, 'STATE_US', 'US-KY', 'Kentucky', 1);
INSERT INTO CORE_CODE (CODEID, CATEGORY_, KEY_, VALUE_, DISPORDER_) VALUES (4018, 'STATE_US', 'US-LA', 'Louisiana', 1);
INSERT INTO CORE_CODE (CODEID, CATEGORY_, KEY_, VALUE_, DISPORDER_) VALUES (4019, 'STATE_US', 'US-ME', 'Maine', 1);
INSERT INTO CORE_CODE (CODEID, CATEGORY_, KEY_, VALUE_, DISPORDER_) VALUES (4020, 'STATE_US', 'US-MD', 'Maryland', 1);
INSERT INTO CORE_CODE (CODEID, CATEGORY_, KEY_, VALUE_, DISPORDER_) VALUES (4021, 'STATE_US', 'US-MA', 'Massachusetts', 1);
INSERT INTO CORE_CODE (CODEID, CATEGORY_, KEY_, VALUE_, DISPORDER_) VALUES (4022, 'STATE_US', 'US-MI', 'Michigan', 1);
INSERT INTO CORE_CODE (CODEID, CATEGORY_, KEY_, VALUE_, DISPORDER_) VALUES (4023, 'STATE_US', 'US-MN', 'Minnesota', 1);
INSERT INTO CORE_CODE (CODEID, CATEGORY_, KEY_, VALUE_, DISPORDER_) VALUES (4024, 'STATE_US', 'US-MS', 'Mississippi', 1);
INSERT INTO CORE_CODE (CODEID, CATEGORY_, KEY_, VALUE_, DISPORDER_) VALUES (4025, 'STATE_US', 'US-MO', 'Missouri', 1);
INSERT INTO CORE_CODE (CODEID, CATEGORY_, KEY_, VALUE_, DISPORDER_) VALUES (4026, 'STATE_US', 'US-MT', 'Montana', 1);
INSERT INTO CORE_CODE (CODEID, CATEGORY_, KEY_, VALUE_, DISPORDER_) VALUES (4027, 'STATE_US', 'US-NE', 'Nebraska', 1);
INSERT INTO CORE_CODE (CODEID, CATEGORY_, KEY_, VALUE_, DISPORDER_) VALUES (4028, 'STATE_US', 'US-NV', 'Nevada', 1);
INSERT INTO CORE_CODE (CODEID, CATEGORY_, KEY_, VALUE_, DISPORDER_) VALUES (4029, 'STATE_US', 'US-NH', 'New Hampshire', 1);
INSERT INTO CORE_CODE (CODEID, CATEGORY_, KEY_, VALUE_, DISPORDER_) VALUES (4030, 'STATE_US', 'US-NJ', 'New Jersey', 1);
INSERT INTO CORE_CODE (CODEID, CATEGORY_, KEY_, VALUE_, DISPORDER_) VALUES (4031, 'STATE_US', 'US-NM', 'New Mexico', 1);
INSERT INTO CORE_CODE (CODEID, CATEGORY_, KEY_, VALUE_, DISPORDER_) VALUES (4032, 'STATE_US', 'US-NY', 'New York', 1);
INSERT INTO CORE_CODE (CODEID, CATEGORY_, KEY_, VALUE_, DISPORDER_) VALUES (4033, 'STATE_US', 'US-NC', 'North Carolina', 1);
INSERT INTO CORE_CODE (CODEID, CATEGORY_, KEY_, VALUE_, DISPORDER_) VALUES (4034, 'STATE_US', 'US-ND', 'North Dakota', 1);
INSERT INTO CORE_CODE (CODEID, CATEGORY_, KEY_, VALUE_, DISPORDER_) VALUES (4035, 'STATE_US', 'US-OH', 'Ohio', 1);
INSERT INTO CORE_CODE (CODEID, CATEGORY_, KEY_, VALUE_, DISPORDER_) VALUES (4036, 'STATE_US', 'US-OK', 'Oklahoma', 1);
INSERT INTO CORE_CODE (CODEID, CATEGORY_, KEY_, VALUE_, DISPORDER_) VALUES (4037, 'STATE_US', 'US-OR', 'Oregon', 1);
INSERT INTO CORE_CODE (CODEID, CATEGORY_, KEY_, VALUE_, DISPORDER_) VALUES (4038, 'STATE_US', 'US-PA', 'Pennsylvania', 1);
INSERT INTO CORE_CODE (CODEID, CATEGORY_, KEY_, VALUE_, DISPORDER_) VALUES (4039, 'STATE_US', 'US-RI', 'Rhode Island', 1);
INSERT INTO CORE_CODE (CODEID, CATEGORY_, KEY_, VALUE_, DISPORDER_) VALUES (4040, 'STATE_US', 'US-SC', 'South Carolina', 1);
INSERT INTO CORE_CODE (CODEID, CATEGORY_, KEY_, VALUE_, DISPORDER_) VALUES (4041, 'STATE_US', 'US-SD', 'South Dakota', 1);
INSERT INTO CORE_CODE (CODEID, CATEGORY_, KEY_, VALUE_, DISPORDER_) VALUES (4042, 'STATE_US', 'US-TN', 'Tennessee', 1);
INSERT INTO CORE_CODE (CODEID, CATEGORY_, KEY_, VALUE_, DISPORDER_) VALUES (4043, 'STATE_US', 'US-TX', 'Texas', 1);
INSERT INTO CORE_CODE (CODEID, CATEGORY_, KEY_, VALUE_, DISPORDER_) VALUES (4044, 'STATE_US', 'US-UT', 'Utah', 1);
INSERT INTO CORE_CODE (CODEID, CATEGORY_, KEY_, VALUE_, DISPORDER_) VALUES (4045, 'STATE_US', 'US-VT', 'Vermont', 1);
INSERT INTO CORE_CODE (CODEID, CATEGORY_, KEY_, VALUE_, DISPORDER_) VALUES (4046, 'STATE_US', 'US-VA', 'Virginia', 1);
INSERT INTO CORE_CODE (CODEID, CATEGORY_, KEY_, VALUE_, DISPORDER_) VALUES (4047, 'STATE_US', 'US-WA', 'Washington', 1);
INSERT INTO CORE_CODE (CODEID, CATEGORY_, KEY_, VALUE_, DISPORDER_) VALUES (4048, 'STATE_US', 'US-WV', 'West Virginia', 1);
INSERT INTO CORE_CODE (CODEID, CATEGORY_, KEY_, VALUE_, DISPORDER_) VALUES (4049, 'STATE_US', 'US-WI', 'Wisconsin', 1);
INSERT INTO CORE_CODE (CODEID, CATEGORY_, KEY_, VALUE_, DISPORDER_) VALUES (4050, 'STATE_US', 'US-WY', 'Wyoming', 1);
INSERT INTO CORE_CODE (CODEID, CATEGORY_, KEY_, VALUE_, DISPORDER_) VALUES (4051, 'STATE_US', 'US-DC', 'District of Columbia', 1);
INSERT INTO CORE_CODE (CODEID, CATEGORY_, KEY_, VALUE_, DISPORDER_) VALUES (4052, 'STATE_US', 'US-AS', 'American Samoa', 1);
INSERT INTO CORE_CODE (CODEID, CATEGORY_, KEY_, VALUE_, DISPORDER_) VALUES (4053, 'STATE_US', 'US-GU', 'Guam', 1);
INSERT INTO CORE_CODE (CODEID, CATEGORY_, KEY_, VALUE_, DISPORDER_) VALUES (4054, 'STATE_US', 'US-MP', 'Northern Mariana Islands', 1);
INSERT INTO CORE_CODE (CODEID, CATEGORY_, KEY_, VALUE_, DISPORDER_) VALUES (4055, 'STATE_US', 'US-PR', 'Puerto Rico', 1);
INSERT INTO CORE_CODE (CODEID, CATEGORY_, KEY_, VALUE_, DISPORDER_) VALUES (4056, 'STATE_US', 'US-UM', 'United States Minor Outlying Islands', 1);
INSERT INTO CORE_CODE (CODEID, CATEGORY_, KEY_, VALUE_, DISPORDER_) VALUES (4057, 'STATE_US', 'US-VI', 'Virgin Islands, U.S.', 1);
INSERT INTO CORE_CODE (CODEID, CATEGORY_, KEY_, VALUE_, DISPORDER_) VALUES (5001, 'LANGUAGE', 'EN', 'English', 1);
INSERT INTO CORE_CODE (CODEID, CATEGORY_, KEY_, VALUE_, DISPORDER_) VALUES (5002, 'LANGUAGE', 'CN', 'Chinese', 2);
INSERT INTO CORE_CODE (CODEID, CATEGORY_, KEY_, VALUE_, DISPORDER_) VALUES (5003, 'LANGUAGE', 'MY', 'Malay', 3);
INSERT INTO CORE_CODE (CODEID, CATEGORY_, KEY_, VALUE_, DISPORDER_) VALUES (5004, 'LANGUAGE', 'TM', 'Tamil', 4);
INSERT INTO CORE_CODE (CODEID, CATEGORY_, KEY_, VALUE_, DISPORDER_) VALUES (6001, 'APPLN_STATUS', 'PROC', 'Processing', 1);
INSERT INTO CORE_CODE (CODEID, CATEGORY_, KEY_, VALUE_, DISPORDER_) VALUES (6002, 'APPLN_STATUS', 'APPV', 'Approved', 2);
INSERT INTO CORE_CODE (CODEID, CATEGORY_, KEY_, VALUE_, DISPORDER_) VALUES (6003, 'APPLN_STATUS', 'REJ', 'Rejected', 3);
INSERT INTO CORE_CODE (CODEID, CATEGORY_, KEY_, VALUE_, DISPORDER_) VALUES (6004, 'APPLN_STATUS', 'WITHD', 'Withdrawn', 4);

INSERT INTO CORE_SEQUENCE (SEQUENCEID, KEY_, LASTSEQ_, PATTERN_, MAX_, CYCLE_) VALUES (1, 'APPLN_REF_NO', 0, '[$TODAY(%tY%tm%td)][-][$SEQ(%04d)]', 9999, 1);




INSERT INTO APPLN_APPLN_TYPE (APPLNTYPEID, CODE_, DESC_) VALUES (1, 'NEW_A', 'Internship Programme');
INSERT INTO APPLN_APPLN_TYPE (APPLNTYPEID, CODE_, DESC_) VALUES (2, 'NEW_B', 'Specialist Manpower Programme');
INSERT INTO APPLN_APPLN_TYPE (APPLNTYPEID, CODE_, DESC_) VALUES (3, 'NEW_C', 'Technology Associate Programme');
